Workbook

Sheet Summary
A1: Sunscape asset delivery checklist
A2: From the asset library manifest: 263 products, 112 with real 3D models.
A4: Group | B4: Missing 3D models | C4: 3D sent | D4: Missing 2D images | E4: 2D sent
A5: Cabinet Islands | B5: =COUNTIF('Missing 3D Models'!$B$5:$B$140,A5) | C5: =COUNTIFS('Missing 3D Models'!$B$5:$B$140,A5,'Missing 3D Models'!$K$5:$K$140,"Yes") | D5: =COUNTIF('Missing 2D Images'!$B$5:$B$133,A5) | E5: =COUNTIFS('Missing 2D Images'!$B$5:$B$133,A5,'Missing 2D Images'!$J$5:$J$133,"Yes")
A6: Island Modules | B6: =COUNTIF('Missing 3D Models'!$B$5:$B$140,A6) | C6: =COUNTIFS('Missing 3D Models'!$B$5:$B$140,A6,'Missing 3D Models'!$K$5:$K$140,"Yes") | D6: =COUNTIF('Missing 2D Images'!$B$5:$B$133,A6) | E6: =COUNTIFS('Missing 2D Images'!$B$5:$B$133,A6,'Missing 2D Images'!$J$5:$J$133,"Yes")
A7: Outdoor Cooking | B7: =COUNTIF('Missing 3D Models'!$B$5:$B$140,A7) | C7: =COUNTIFS('Missing 3D Models'!$B$5:$B$140,A7,'Missing 3D Models'!$K$5:$K$140,"Yes") | D7: =COUNTIF('Missing 2D Images'!$B$5:$B$133,A7) | E7: =COUNTIFS('Missing 2D Images'!$B$5:$B$133,A7,'Missing 2D Images'!$J$5:$J$133,"Yes")
A8: Appliances & Sinks | B8: =COUNTIF('Missing 3D Models'!$B$5:$B$140,A8) | C8: =COUNTIFS('Missing 3D Models'!$B$5:$B$140,A8,'Missing 3D Models'!$K$5:$K$140,"Yes") | D8: =COUNTIF('Missing 2D Images'!$B$5:$B$133,A8) | E8: =COUNTIFS('Missing 2D Images'!$B$5:$B$133,A8,'Missing 2D Images'!$J$5:$J$133,"Yes")
A9: ODK Components | B9: =COUNTIF('Missing 3D Models'!$B$5:$B$140,A9) | C9: =COUNTIFS('Missing 3D Models'!$B$5:$B$140,A9,'Missing 3D Models'!$K$5:$K$140,"Yes") | D9: =COUNTIF('Missing 2D Images'!$B$5:$B$133,A9) | E9: =COUNTIFS('Missing 2D Images'!$B$5:$B$133,A9,'Missing 2D Images'!$J$5:$J$133,"Yes")
A10: Total | B10: =SUM(B5:B9) | C10: =SUM(C5:C9) | D10: =SUM(D5:D9) | E10: =SUM(E5:E9)
A12: Priority 1 = Cabinet Islands, 2 = Island Modules, 3 = Outdoor Cooking / Appliances, 4 = ODK Components.
A13: Left/right mirror versions of a model already sent are not listed.
A14: Large files: zip anything over 30 MB; the configurator splits files over 24 MB automatically.

Sheet Missing 3D Models
A1: Missing 3D models: send .glb (or .fbx) at full detail, one file per product
A2: Edit only the yellow "Sent?" column. Name each file exactly as in "File name to send". Example: type Yes in Sent? once SBC24CDD.glb is uploaded.
A4: Priority | B4: Group | C4: Category | D4: Base cabinet | E4: Product | F4: File name to send | G4: Goes in folder | H4: Catalog size (approx.) | I4: Description | J4: Notes | K4: Sent?
A5: 1 | B5: Cabinet Islands | C5: Appliance Cabinets | D5: SAC34SWC | E5: SAC34SWC | F5: SAC34SWC.glb | G5: public/assets/cabinet-islands/appliance-cabinets/SAC34SWC/3d/ | H5: 34" W x 28.25" D x 34.5" H | I5: 34" Sunstone Single Warming Drawer Cabinet - SAC34SWC | J5: Has 2D image; needs 3D model
A6: 1 | B6: Cabinet Islands | C6: Appliance Cabinets | D6: SAC34SWC | E6: SAC34SWC_SAP30WDPRO | F6: SAC34SWC_SAP30WDPRO.glb | G6: public/assets/cabinet-islands/appliance-cabinets/SAC34SWC/3d/ | H6: 34" W x 28.25" D x 34.5" H | I6: 34" Sunstone Single Warming Drawer Cabinet - SAC34SWC | J6: Has 2D image; needs 3D model
A7: 1 | B7: Cabinet Islands | C7: Component Cabinets | D7: SCC3SPF | E7: SCC3SPF | F7: SCC3SPF.glb | G7: public/assets/cabinet-islands/component-cabinets/SCC3SPF/3d/ | H7: 3" W x 28.25" D x 34.5" H | I7: 3"Spacer Panel for Cabinet Front - SCC3SPF | J7: Has 2D image; needs 3D model
A8: 1 | B8: Cabinet Islands | C8: Component Cabinets | D8: SCC6SPF | E8: SCC6SPF | F8: SCC6SPF.glb | G8: public/assets/cabinet-islands/component-cabinets/SCC6SPF/3d/ | H8: 6" W x 28.25" D x 34.5" H | I8: 6"Spacer Panel for Cabinet Front - SCC6SPF | J8: Has 2D image; needs 3D model
A9: 1 | B9: Cabinet Islands | C9: Sink Base Cabinets | D9: ADA44BC | E9: ADA44BC | F9: ADA44BC.glb | G9: public/assets/cabinet-islands/sink-base-cabinets/ADA44BC/3d/ | H9: 44" W x 28.25" D x 34.5" H | I9: 44" ADA Compliant Combo Sink Base Cabinet - ADA44BC | J9: Needs 3D model (2D image also missing)
A10: 1 | B10: Cabinet Islands | C10: Sink Base Cabinets | D10: SBC24CDD | E10: SBC24CDD | F10: SBC24CDD.glb | G10: public/assets/cabinet-islands/sink-base-cabinets/SBC24CDD/3d/ | H10: 24" W x 28.25" D x 34.5" H | I10: 24" Double Door Base Cabinet w/Shelf & Reversible Top Drawer or False Panel - SBC24CDD | J10: Has 2D image; needs 3D model
A11: 1 | B11: Cabinet Islands | C11: Sink Base Cabinets | D11: SBC30CDD | E11: SBC30CDD_BSK34 | F11: SBC30CDD_BSK34.glb | G11: public/assets/cabinet-islands/sink-base-cabinets/SBC30CDD/3d/ | H11: 30" W x 28.25" D x 34.5" H | I11: 30" Double Door Base Cabinet w/Shelf & Reversible Top Drawer or False Panel - SBC30CDD | J11: Has 2D image; needs 3D model
A12: 1 | B12: Cabinet Islands | C12: Sink Base Cabinets | D12: SBC34FDD | E12: SBC34FDD_BSK34 | F12: SBC34FDD_BSK34.glb | G12: public/assets/cabinet-islands/sink-base-cabinets/SBC34FDD/3d/ | H12: 34" W x 28.25" D x 34.5" H | I12: 13" Flip Drawer/Door Cabinet (w/ BSK34 insert) | J12: Has 2D image; needs 3D model
A13: 2 | B13: Island Modules | C13: Counter Bar | D13: ISLAND_45ANGLE_COUNTERBAR | E13: ISLAND_45ANGLE_COUNTERBAR | F13: ISLAND_45ANGLE_COUNTERBAR.glb | G13: public/assets/island-modules/counter-bar/ISLAND_45ANGLE_COUNTERBAR/3d/ | H13: 36" W x 36" D x 36" H | I13: ISLAND 45ANGLE COUNTERBAR | J13: Needs 3D model (2D image also missing)
A14: 2 | B14: Island Modules | C14: Counter Bar | D14: ISLAND_COUNTERBAR_CORNER | E14: ISLAND_COUNTERBAR_CORNER_LEFT | F14: ISLAND_COUNTERBAR_CORNER_LEFT.glb | G14: public/assets/island-modules/counter-bar/ISLAND_COUNTERBAR_CORNER/3d/ | H14: 36" W x 36" D x 36" H | I14: ISLAND COUNTERBAR CORNER LEFT | J14: Needs 3D model (2D image also missing)
A15: 2 | B15: Island Modules | C15: Counter Bar | D15: ISLAND_COUNTERBAR_CORNER | E15: ISLAND_COUNTERBAR_CORNER_RIGHT | F15: ISLAND_COUNTERBAR_CORNER_RIGHT.glb | G15: public/assets/island-modules/counter-bar/ISLAND_COUNTERBAR_CORNER/3d/ | H15: 36" W x 36" D x 36" H | I15: ISLAND COUNTERBAR CORNER RIGHT | J15: Needs 3D model (2D image also missing)
A16: 2 | B16: Island Modules | C16: Counter Bar | D16: ISLAND_COUNTERBAR_ENDCAP | E16: ISLAND_COUNTERBAR_ENDCAP_LEFT | F16: ISLAND_COUNTERBAR_ENDCAP_LEFT.glb | G16: public/assets/island-modules/counter-bar/ISLAND_COUNTERBAR_ENDCAP/3d/ | H16: 12" W x 30" D x 36" H | I16: ISLAND COUNTERBAR ENDCAP LEFT | J16: Needs 3D model (2D image also missing)
... A140: 4 | B140: ODK Components | C140: Classic Series Flush Style | D140: DV1724 | E140: DV1724_L | F140: DV1724_L.glb | G140: public/assets/odk-components/classic-series/DV1724/3d/ | H140: 17" W x 2" D x 24" H | I140: 17x24 Vertical Access Door/Can be installed Left or Right Swing - DV1724 | J140: Needs 3D model (2D image also missing)

Sheet Missing 2D Images
A1: Missing 2D front elevations: .webp or .png, straight-on front view, white or transparent background
A2: Edit only the yellow "Sent?" column. Rows marked "Can be auto-rendered" will be generated from the 3D model; you can skip those.
A4: Priority | B4: Group | C4: Category | D4: Base cabinet | E4: Product | F4: File name to send | G4: Goes in folder | H4: 3D model | I4: Notes | J4: Sent?
A5: 1 | B5: Cabinet Islands | C5: Sink Base Cabinets | D5: ADA44BC | E5: ADA44BC | F5: ADA44BC.webp | G5: public/assets/cabinet-islands/sink-base-cabinets/ADA44BC/2d/ | H5: No 3D model yet | I5: Needs artwork or a 3D model
A6: 2 | B6: Island Modules | C6: Counter Bar | D6: ISLAND_45ANGLE_COUNTERBAR | E6: ISLAND_45ANGLE_COUNTERBAR | F6: ISLAND_45ANGLE_COUNTERBAR.webp | G6: public/assets/island-modules/counter-bar/ISLAND_45ANGLE_COUNTERBAR/2d/ | H6: No 3D model yet | I6: Needs artwork or a 3D model
A7: 2 | B7: Island Modules | C7: Counter Bar | D7: ISLAND_COUNTERBAR_CORNER | E7: ISLAND_COUNTERBAR_CORNER_LEFT | F7: ISLAND_COUNTERBAR_CORNER_LEFT.webp | G7: public/assets/island-modules/counter-bar/ISLAND_COUNTERBAR_CORNER/2d/ | H7: No 3D model yet | I7: Needs artwork or a 3D model
A8: 2 | B8: Island Modules | C8: Counter Bar | D8: ISLAND_COUNTERBAR_CORNER | E8: ISLAND_COUNTERBAR_CORNER_RIGHT | F8: ISLAND_COUNTERBAR_CORNER_RIGHT.webp | G8: public/assets/island-modules/counter-bar/ISLAND_COUNTERBAR_CORNER/2d/ | H8: No 3D model yet | I8: Needs artwork or a 3D model
A9: 2 | B9: Island Modules | C9: Counter Bar | D9: ISLAND_COUNTERBAR_ENDCAP | E9: ISLAND_COUNTERBAR_ENDCAP_LEFT | F9: ISLAND_COUNTERBAR_ENDCAP_LEFT.webp | G9: public/assets/island-modules/counter-bar/ISLAND_COUNTERBAR_ENDCAP/2d/ | H9: No 3D model yet | I9: Needs artwork or a 3D model
A10: 2 | B10: Island Modules | C10: Counter Bar | D10: ISLAND_COUNTERBAR_ENDCAP | E10: ISLAND_COUNTERBAR_ENDCAP_RIGHT | F10: ISLAND_COUNTERBAR_ENDCAP_RIGHT.webp | G10: public/assets/island-modules/counter-bar/ISLAND_COUNTERBAR_ENDCAP/2d/ | H10: No 3D model yet | I10: Needs artwork or a 3D model
A11: 2 | B11: Island Modules | C11: Counter Bar | D11: ISLAND_COUNTERBAR_STRAIGHT_12 | E11: ISLAND_COUNTERBAR_STRAIGHT_12 | F11: ISLAND_COUNTERBAR_STRAIGHT_12.webp | G11: public/assets/island-modules/counter-bar/ISLAND_COUNTERBAR_STRAIGHT_12/2d/ | H11: No 3D model yet | I11: Needs artwork or a 3D model
A12: 2 | B12: Island Modules | C12: Grill Jacket Packages | D12: ISLAND_SUNJK18_22 | E12: ISLAND_SUNJK18_22 | F12: ISLAND_SUNJK18_22.webp | G12: public/assets/island-modules/grill-jacket-packages/ISLAND_SUNJK18_22/2d/ | H12: No 3D model yet | I12: Needs artwork or a 3D model
A13: 2 | B13: Island Modules | C13: Grill Jacket Packages | D13: ISLAND_SUNJK29_34 | E13: ISLAND_SUNJK29_34 | F13: ISLAND_SUNJK29_34.webp | G13: public/assets/island-modules/grill-jacket-packages/ISLAND_SUNJK29_34/2d/ | H13: No 3D model yet | I13: Needs artwork or a 3D model
A14: 2 | B14: Island Modules | C14: Grill Jacket Packages | D14: ISLAND_SUNJK33_40 | E14: ISLAND_SUNJK33_40 | F14: ISLAND_SUNJK33_40.webp | G14: public/assets/island-modules/grill-jacket-packages/ISLAND_SUNJK33_40/2d/ | H14: No 3D model yet | I14: Needs artwork or a 3D model
A15: 2 | B15: Island Modules | C15: Grill Jacket Packages | D15: ISLAND_SUNJK40_46 | E15: ISLAND_SUNJK40_46 | F15: ISLAND_SUNJK40_46.webp | G15: public/assets/island-modules/grill-jacket-packages/ISLAND_SUNJK40_46/2d/ | H15: No 3D model yet | I15: Needs artwork or a 3D model
A16: 2 | B16: Island Modules | C16: Grill Jacket Packages | D16: ISLAND_SUNJK45_50 | E16: ISLAND_SUNJK45_50 | F16: ISLAND_SUNJK45_50.webp | G16: public/assets/island-modules/grill-jacket-packages/ISLAND_SUNJK45_50/2d/ | H16: No 3D model yet | I16: Needs artwork or a 3D model
... A133: 4 | B133: ODK Components | C133: Classic Series Flush Style | D133: DV1724 | E133: DV1724_L | F133: DV1724_L.webp | G133: public/assets/odk-components/classic-series/DV1724/2d/ | H133: No 3D model yet | I133: Needs artwork or a 3D model

Sheet Fix Requests
A1: Models received that need a re-export
A3: Product | B3: Category | C3: Issue | D3: Requested fix | E3: Sent?
A4: SAC46GLPCD_RUBY5BIR | B4: Grill Cabinets | C4: Hood exported OPEN (stands 61" tall at the back) | D4: Re-export with the hood closed to match the other Ruby grills
A5: SBC36CDD | B5: Sink Base Cabinets | C5: Model is 34.5" tall; all other base cabinets are 35.5" | D5: Re-export with the 1" top deck so the countertop sits flush
A6: SAC40GLPCD_RUBY4BIR | B6: Grill Cabinets | C6: Received as FBX only (converted to GLB here) | D6: Optional: send the GLB export so it matches the others exactly
